epoch,out_0,out_1,step,train_loss
0,0.5011528134346008,0.4906129240989685,1,0.2594752013683319
1,0.49212998151779175,0.4882068932056427,3,0.26193222403526306
2,0.4897635579109192,0.4871799945831299,5,0.26298436522483826
3,0.48874276876449585,0.48674431443214417,7,0.2634314298629761
4,0.4882984459400177,0.4866316318511963,9,0.2635470926761627
5,0.4881691336631775,0.4867172837257385,11,0.26345914602279663
6,0.48823314905166626,0.4869324266910553,13,0.2632383704185486
7,0.48842352628707886,0.4872349798679352,15,0.2629280090332031
8,0.48869916796684265,0.48759725689888,17,0.26255661249160767
9,0.489033043384552,0.48799967765808105,19,0.2621443569660187
10,0.4894063472747803,0.4884284734725952,21,0.2617054283618927
11,0.4898054897785187,0.48887336254119873,23,0.26125046610832214
12,0.4902206063270569,0.48932647705078125,25,0.2607874572277069
13,0.4906439781188965,0.48978203535079956,27,0.2603223919868469
14,0.4910699129104614,0.490235298871994,29,0.2598600387573242
15,0.4914940893650055,0.49068301916122437,31,0.259403795003891
16,0.49191293120384216,0.491122305393219,33,0.25895652174949646
17,0.49232402443885803,0.49155116081237793,35,0.2585202157497406
18,0.4927254021167755,0.49196821451187134,37,0.258096307516098
19,0.49311551451683044,0.49237218499183655,39,0.257686048746109
20,0.49349334836006165,0.4927624464035034,41,0.25728994607925415
21,0.49385809898376465,0.4931384325027466,43,0.256908655166626
22,0.4942093789577484,0.49349990487098694,45,0.2565423846244812
23,0.49454694986343384,0.4938467741012573,47,0.25619110465049744
24,0.49487054347991943,0.4941790699958801,49,0.25585484504699707
25,0.49518030881881714,0.4944968819618225,51,0.2555334270000458
26,0.4954764246940613,0.4948004186153412,53,0.25522658228874207
27,0.49575895071029663,0.4950900971889496,55,0.2549339830875397
28,0.4960283935070038,0.49536627531051636,57,0.25465521216392517
29,0.49628502130508423,0.49562937021255493,59,0.25438976287841797
30,0.49652913212776184,0.4958797097206116,61,0.2541372776031494
31,0.49676117300987244,0.4961177706718445,63,0.2538973093032837
32,0.4969816505908966,0.49634411931037903,65,0.25366929173469543
33,0.4971908628940582,0.4965590834617615,67,0.25345277786254883
34,0.4973893463611603,0.4967631697654724,69,0.25324732065200806
35,0.49757763743400574,0.4969569146633148,71,0.25305232405662537
36,0.49775591492652893,0.49714067578315735,73,0.25286754965782166
37,0.49792495369911194,0.497314989566803,75,0.25269222259521484
38,0.49808478355407715,0.49748027324676514,77,0.25252610445022583
39,0.49823614954948425,0.4976368248462677,79,0.2523687779903412
40,0.49837931990623474,0.49778521060943604,81,0.25221970677375793
41,0.4985146224498749,0.497925728559494,83,0.2520785629749298
42,0.49864262342453003,0.49805885553359985,85,0.2519449293613434
43,0.49876344203948975,0.49818482995033264,87,0.2518185079097748
44,0.4988775849342346,0.498304158449173,89,0.251698762178421
45,0.4989854097366333,0.4984170198440552,91,0.2515854835510254
46,0.4990871250629425,0.4985238313674927,93,0.2514783442020416
47,0.49918311834335327,0.4986248314380646,95,0.2513771057128906
48,0.4992736876010895,0.4987204372882843,97,0.2512812316417694
49,0.49935904145240784,0.4988108277320862,99,0.2511906027793884
50,0.4994395077228546,0.4988962411880493,101,0.2511049807071686
51,0.4995153248310089,0.49897706508636475,103,0.2510239779949188
52,0.49958664178848267,0.499053418636322,105,0.250947505235672
53,0.4996538460254669,0.49912548065185547,107,0.2508752942085266
54,0.49971699714660645,0.4991936981678009,109,0.250806987285614
55,0.4997764229774475,0.49925804138183594,111,0.25074252486228943
56,0.4998323619365692,0.4993188679218292,113,0.25068163871765137
57,0.49988484382629395,0.49937620759010315,115,0.25062423944473267
58,0.4999340772628784,0.499430388212204,117,0.2505699098110199
59,0.4999803602695465,0.4994814693927765,119,0.2505188286304474
60,0.5000237226486206,0.49952971935272217,121,0.25047051906585693
61,0.5000643730163574,0.4995752274990082,123,0.25042495131492615
62,0.5001024603843689,0.4996180832386017,125,0.25038212537765503
63,0.5001381039619446,0.4996584951877594,127,0.2503416836261749
64,0.5001713633537292,0.49969661235809326,129,0.2503034770488739
65,0.5002025365829468,0.49973246455192566,131,0.2502675950527191
66,0.5002315044403076,0.4997662305831909,133,0.25023382902145386
67,0.5002586245536804,0.4997979998588562,135,0.2502020597457886
68,0.5002838969230652,0.49982795119285583,137,0.25017204880714417
69,0.5003073811531067,0.4998560845851898,139,0.2501439154148102
70,0.5003291368484497,0.4998825490474701,141,0.2501174509525299
71,0.5003493428230286,0.49990737438201904,143,0.25009262561798096
72,0.500368058681488,0.4999307096004486,145,0.2500692903995514
73,0.5003853440284729,0.49995264410972595,147,0.25004735589027405
74,0.5004013180732727,0.4999731481075287,149,0.2500268220901489
75,0.5004159212112427,0.4999924302101135,151,0.2500075697898865
76,0.5004295110702515,0.5000104904174805,153,0.24998950958251953
77,0.5004419088363647,0.5000274181365967,155,0.24997258186340332
78,0.5004531741142273,0.5000431537628174,157,0.24995684623718262
79,0.5004634857177734,0.5000579357147217,159,0.24994207918643951
80,0.5004727840423584,0.5000717639923096,161,0.24992825090885162
81,0.5004812479019165,0.5000845789909363,163,0.24991543591022491
82,0.5004888772964478,0.5000965595245361,165,0.24990345537662506
83,0.5004956126213074,0.5001077055931091,167,0.24989230930805206
84,0.5005015730857849,0.5001181960105896,169,0.2498818188905716
85,0.5005068778991699,0.5001278519630432,171,0.24987216293811798
86,0.5005114674568176,0.5001367330551147,173,0.24986329674720764
87,0.5005154609680176,0.5001450777053833,175,0.2498549520969391
88,0.5005187392234802,0.5001527667045593,177,0.24984724819660187
89,0.5005215406417847,0.5001598000526428,179,0.24984022974967957
90,0.5005238056182861,0.5001662969589233,181,0.24983374774456024
91,0.5005254149436951,0.5001722574234009,183,0.2498277872800827
92,0.5005266666412354,0.5001777410507202,185,0.24982228875160217
93,0.5005274415016174,0.5001827478408813,187,0.24981729686260223
94,0.5005277991294861,0.5001872777938843,189,0.2498127669095993
95,0.5005277395248413,0.5001914501190186,191,0.24980857968330383
96,0.5005272626876831,0.5001952052116394,193,0.24980483949184418
97,0.500526487827301,0.5001986026763916,195,0.24980144202709198
98,0.5005252957344055,0.5002015829086304,197,0.2497984766960144
99,0.5005238056182861,0.5002042651176453,199,0.2497957944869995
100,0.5005220770835876,0.5002066493034363,201,0.2497933954000473
101,0.5005199909210205,0.5002086758613586,203,0.24979136884212494
102,0.5005176067352295,0.5002104043960571,205,0.24978965520858765
103,0.5005150437355042,0.5002119541168213,207,0.2497880905866623
104,0.5005123019218445,0.5002132058143616,209,0.249786838889122
105,0.5005091428756714,0.5002142190933228,211,0.24978584051132202
106,0.5005059242248535,0.5002150535583496,213,0.24978499114513397
107,0.5005025267601013,0.5002156496047974,215,0.2497844099998474
108,0.5004988312721252,0.5002160668373108,217,0.2497839778661728
109,0.5004950165748596,0.5002162456512451,219,0.24978379905223846
110,0.5004910230636597,0.5002163648605347,221,0.2497836947441101
111,0.5004869103431702,0.5002162456512451,223,0.24978379905223846
112,0.5004826188087463,0.5002160668373108,225,0.2497839778661728
113,0.5004783272743225,0.5002156496047974,227,0.2497844099998474
114,0.5004737973213196,0.5002151131629944,229,0.2497849464416504
115,0.5004690885543823,0.5002143979072571,231,0.2497856616973877
116,0.5004643201828003,0.500213623046875,233,0.24978643655776978
117,0.5004593729972839,0.5002127885818481,235,0.24978725612163544
118,0.5004545450210571,0.5002117156982422,237,0.2497883290052414
119,0.5004494786262512,0.5002106428146362,239,0.24978940188884735
120,0.5004442930221558,0.5002095103263855,241,0.24979054927825928
121,0.5004390478134155,0.5002082586288452,243,0.24979178607463837
122,0.5004337430000305,0.5002069473266602,245,0.24979309737682343
123,0.5004284381866455,0.5002055168151855,247,0.24979452788829803
124,0.5004229545593262,0.5002040266990662,249,0.24979601800441742
125,0.5004174709320068,0.500202476978302,251,0.24979756772518158
126,0.5004119277000427,0.5002009272575378,253,0.24979911744594574
127,0.5004062652587891,0.5001992583274841,255,0.24980078637599945
128,0.5004006624221802,0.5001975893974304,257,0.24980245530605316
129,0.5003949403762817,0.5001957416534424,259,0.2498043030500412
130,0.5003891587257385,0.5001939535140991,261,0.24980609118938446
131,0.5003834366798401,0.5001921057701111,263,0.2498079389333725
132,0.5003775954246521,0.500190258026123,265,0.24980978667736053
133,0.5003717541694641,0.5001883506774902,267,0.24981169402599335
134,0.5003657937049866,0.5001864433288574,269,0.24981360137462616
135,0.5003599524497986,0.5001844167709351,271,0.24981561303138733
136,0.500353991985321,0.5001824498176575,273,0.24981757998466492
137,0.5003479719161987,0.5001804232597351,275,0.24981960654258728
138,0.5003420114517212,0.500178337097168,277,0.24982169270515442
139,0.5003359317779541,0.5001763105392456,279,0.24982371926307678
140,0.5003299117088318,0.5001742839813232,281,0.24982576072216034
141,0.5003237724304199,0.5001721978187561,283,0.24982783198356628
142,0.5003176927566528,0.500170111656189,285,0.24982993304729462
143,0.5003116130828857,0.5001679062843323,287,0.2498321384191513
144,0.5003054738044739,0.5001658201217651,289,0.24983420968055725
145,0.5002992749214172,0.5001636743545532,291,0.24983635544776917
146,0.5002931356430054,0.5001614689826965,293,0.24983856081962585
147,0.5002869367599487,0.5001593828201294,295,0.249840646982193
148,0.5002807378768921,0.5001571774482727,297,0.24984285235404968
149,0.5002745389938354,0.5001550316810608,299,0.2498449981212616
150,0.5002683401107788,0.5001528263092041,301,0.2498472034931183
151,0.5002621412277222,0.500150740146637,303,0.24984928965568542
152,0.500255823135376,0.5001485347747803,305,0.24985149502754211
153,0.5002495050430298,0.5001463294029236,307,0.2498537003993988
154,0.5002432465553284,0.5001441240310669,309,0.2498559057712555
155,0.500236988067627,0.5001418590545654,311,0.24985817074775696
156,0.5002306699752808,0.5001397728919983,313,0.2498602569103241
157,0.5002243518829346,0.5001375079154968,315,0.24986252188682556
158,0.5002179741859436,0.5001353025436401,317,0.24986472725868225
159,0.5002116560935974,0.5001331567764282,319,0.24986687302589417
160,0.5002052187919617,0.5001308917999268,321,0.24986912310123444
161,0.5001988410949707,0.5001286864280701,323,0.24987134337425232
162,0.5001924633979797,0.5001265406608582,325,0.24987347424030304
163,0.500186026096344,0.5001243352890015,327,0.24987567961215973
164,0.5001795887947083,0.5001221299171448,329,0.2498778998851776
165,0.5001731514930725,0.5001199841499329,331,0.24988004565238953
166,0.500166654586792,0.5001177191734314,333,0.2498822957277298
167,0.5001602172851562,0.5001155734062195,335,0.2498844414949417
168,0.5001537203788757,0.5001133680343628,337,0.2498866468667984
169,0.5001471638679504,0.5001111030578613,339,0.24988892674446106
170,0.5001406073570251,0.5001089572906494,341,0.24989105761051178
171,0.5001339912414551,0.5001067519187927,343,0.24989327788352966
172,0.5001274347305298,0.5001046061515808,345,0.24989540874958038
173,0.5001208186149597,0.5001024007797241,347,0.24989762902259827
174,0.5001142024993896,0.5001001954078674,349,0.24989981949329376
175,0.5001075267791748,0.5000979900360107,351,0.24990202486515045
176,0.50010085105896,0.5000957250595093,353,0.24990428984165192
177,0.5000941753387451,0.5000935792922974,355,0.24990643560886383
178,0.5000873804092407,0.5000914335250854,357,0.24990858137607574
179,0.5000806450843811,0.500089168548584,359,0.2499108463525772
180,0.5000738501548767,0.5000870227813721,361,0.24991299211978912
181,0.5000670552253723,0.5000848174095154,363,0.2499151974916458
182,0.5000602006912231,0.5000825524330139,365,0.24991746246814728
183,0.500053346157074,0.5000803470611572,367,0.24991966784000397
184,0.50004643201828,0.5000780820846558,369,0.24992193281650543
185,0.5000395178794861,0.5000758767127991,371,0.24992413818836212
186,0.5000324845314026,0.5000736713409424,373,0.2499263435602188
187,0.5000255107879639,0.5000714659690857,375,0.2499285340309143
188,0.5000184774398804,0.500069260597229,377,0.249930739402771
189,0.5000113844871521,0.5000669956207275,379,0.24993301928043365
190,0.5000042915344238,0.5000647902488708,381,0.24993522465229034
191,0.49999719858169556,0.5000625252723694,383,0.2499374896287918
192,0.4999898672103882,0.5000602602958679,385,0.24993975460529327
193,0.49998265504837036,0.5000579953193665,387,0.24994200468063354
194,0.4999753534793854,0.5000556707382202,389,0.24994432926177979
195,0.4999679923057556,0.5000534057617188,391,0.24994660913944244
196,0.49996069073677063,0.5000510811805725,393,0.24994893372058868
197,0.4999532401561737,0.500048816204071,395,0.24995118379592896
198,0.4999457597732544,0.5000465512275696,397,0.2499534636735916
199,0.4999382495880127,0.5000442266464233,399,0.24995577335357666
200,0.4999306797981262,0.5000419020652771,401,0.2499580979347229
201,0.49992308020591736,0.5000395178794861,403,0.24996048212051392
202,0.49991536140441895,0.5000371932983398,405,0.24996280670166016
203,0.4999076724052429,0.5000348091125488,407,0.24996519088745117
204,0.49989983439445496,0.5000324249267578,409,0.2499675750732422
205,0.4998920261859894,0.5000300407409668,411,0.2499699741601944
206,0.49988409876823425,0.5000276565551758,413,0.2499723583459854
207,0.49987614154815674,0.5000251531600952,415,0.24997484683990479
208,0.4998680055141449,0.5000227689743042,417,0.249977245926857
209,0.4998599588871002,0.5000202059745789,419,0.24997980892658234
210,0.4998517632484436,0.5000177025794983,421,0.2499823123216629
211,0.499843567609787,0.5000152587890625,423,0.2499847412109375
212,0.4998352527618408,0.5000127553939819,425,0.24998725950717926
213,0.4998268783092499,0.5000101327896118,427,0.24998986721038818
214,0.4998183846473694,0.5000075697898865,429,0.24999243021011353
215,0.49980980157852173,0.5000050067901611,431,0.24999499320983887
216,0.4998012185096741,0.5000023245811462,433,0.24999767541885376
217,0.4997924566268921,0.4999997317790985,435,0.2500002682209015
218,0.4997837245464325,0.4999970495700836,437,0.25000298023223877
219,0.4997748136520386,0.4999943971633911,439,0.2500056028366089
220,0.49976590275764465,0.49999165534973145,441,0.25000834465026855
221,0.4997568726539612,0.499988853931427,443,0.2500111758708954
222,0.49974769353866577,0.49998608231544495,445,0.25001394748687744
223,0.4997384548187256,0.4999833106994629,447,0.2500166893005371
224,0.49972912669181824,0.49998044967651367,449,0.25001955032348633
225,0.4997197091579437,0.49997755885124207,451,0.25002241134643555
226,0.49971017241477966,0.49997463822364807,453,0.2500253915786743
227,0.49970054626464844,0.4999716579914093,455,0.2500283718109131
228,0.4996907711029053,0.49996867775917053,457,0.25003138184547424
229,0.4996809661388397,0.499965637922287,459,0.2500343322753906
230,0.49967101216316223,0.49996262788772583,461,0.25003737211227417
231,0.4996609091758728,0.49995946884155273,463,0.25004053115844727
232,0.4996507465839386,0.49995630979537964,465,0.25004369020462036
233,0.49964043498039246,0.49995315074920654,467,0.25004687905311584
234,0.4996299743652344,0.4999499022960663,469,0.2500500977039337
235,0.49961939454078674,0.4999465346336365,471,0.2500534653663635
236,0.49960875511169434,0.4999433159828186,473,0.2500567138195038
237,0.49959796667099,0.4999399185180664,475,0.2500600814819336
238,0.4995870292186737,0.49993643164634705,477,0.25006356835365295
239,0.49957597255706787,0.49993300437927246,479,0.2500670254230499
240,0.4995647370815277,0.4999294579029083,481,0.25007057189941406
241,0.499553382396698,0.4999258816242218,483,0.2500741481781006
242,0.4995418190956116,0.4999222755432129,485,0.2500777244567871
243,0.499530166387558,0.49991855025291443,487,0.2500814199447632
244,0.49951833486557007,0.4999147951602936,489,0.2500852644443512
245,0.4995063245296478,0.4999109208583832,491,0.25008904933929443
246,0.4994942545890808,0.49990710616111755,493,0.25009289383888245
247,0.4994819164276123,0.49990314245224,495,0.25009685754776
248,0.49946945905685425,0.49989914894104004,497,0.25010088086128235
249,0.4994567632675171,0.49989500641822815,499,0.2501050531864166
250,0.49944397807121277,0.49989089369773865,501,0.25010910630226135
251,0.4994308650493622,0.4998866319656372,503,0.2501133978366852
252,0.4994177222251892,0.499882310628891,505,0.250117689371109
253,0.49940434098243713,0.4998779296875,507,0.2501221001148224
254,0.49939075112342834,0.49987345933914185,509,0.25012657046318054
255,0.49937695264816284,0.49986889958381653,511,0.25013116002082825
256,0.4993629455566406,0.49986428022384644,513,0.25013574957847595
257,0.4993487000465393,0.4998595416545868,515,0.2501404583454132
258,0.49933430552482605,0.4998547434806824,517,0.25014528632164
259,0.4993196427822113,0.499849796295166,519,0.25015023350715637
260,0.49930474162101746,0.4998447895050049,521,0.2501552402973175
261,0.4992896318435669,0.499839723110199,523,0.2501603364944458
262,0.49927428364753723,0.4998345375061035,525,0.25016552209854126
263,0.49925878643989563,0.4998292326927185,527,0.2501707971096039
264,0.499242901802063,0.49982380867004395,529,0.25017625093460083
265,0.49922680854797363,0.49981823563575745,531,0.2501818537712097
266,0.4992104172706604,0.49981269240379333,533,0.25018730759620667
267,0.49919381737709045,0.4998069107532501,535,0.25019317865371704
268,0.49917688965797424,0.49980100989341736,537,0.25019901990890503
269,0.49915969371795654,0.4997950494289398,539,0.25020498037338257
270,0.49914225935935974,0.49978893995285034,541,0.25021111965179443
271,0.4991244971752167,0.4997827112674713,543,0.25021737813949585
272,0.49910643696784973,0.49977633357048035,545,0.25022369623184204
273,0.49908801913261414,0.49976974725723267,547,0.2502303123474121
274,0.4990692734718323,0.4997631311416626,549,0.2502369284629822
275,0.4990502893924713,0.4997563362121582,551,0.25024375319480896
276,0.49903085827827454,0.4997493624687195,553,0.2502506971359253
277,0.49901115894317627,0.4997422397136688,555,0.25025779008865356
278,0.4989910125732422,0.4997349679470062,557,0.25026509165763855
279,0.49897056818008423,0.4997274875640869,559,0.25027260184288025
280,0.49894979596138,0.49971988797187805,561,0.2502802312374115
281,0.49892860651016235,0.4997120797634125,563,0.2502879798412323
282,0.4989069700241089,0.49970415234565735,565,0.2502959668636322
283,0.4988849461078644,0.4996959865093231,567,0.25030407309532166
284,0.49886244535446167,0.49968764185905457,569,0.2503124475479126
285,0.49883970618247986,0.4996791183948517,571,0.25032103061676025
286,0.4988164007663727,0.4996703863143921,573,0.25032973289489746
287,0.4987926781177521,0.4996614158153534,575,0.25033867359161377
288,0.4987684488296509,0.49965226650238037,577,0.25034788250923157
289,0.4987437427043915,0.49964290857315063,579,0.2503572106361389
290,0.49871858954429626,0.49963322281837463,581,0.2503669559955597
291,0.49869289994239807,0.4996233582496643,583,0.25037679076194763
292,0.4986667037010193,0.4996132552623749,585,0.2503868639469147
293,0.4986400008201599,0.49960291385650635,587,0.250397264957428
294,0.49861276149749756,0.49959230422973633,589,0.250407874584198
295,0.49858489632606506,0.4995814263820648,591,0.2504187226295471
296,0.4985564947128296,0.4995703399181366,593,0.25042983889579773
297,0.498527467250824,0.49955886602401733,595,0.2504413425922394
298,0.4984978437423706,0.4995471239089966,597,0.25045308470726013
299,0.4984675645828247,0.49953508377075195,599,0.25046515464782715
300,0.49843671917915344,0.49952274560928345,601,0.25047749280929565
301,0.4984050691127777,0.49951010942459106,603,0.25049012899398804
302,0.498372882604599,0.49949705600738525,605,0.25050321221351624
303,0.4983398914337158,0.4994836449623108,607,0.2505166232585907
304,0.4983062446117401,0.4994699954986572,609,0.25053030252456665
305,0.49827179312705994,0.49945589900016785,611,0.25054439902305603
306,0.49823659658432007,0.4994415044784546,613,0.2505588233470917
307,0.49820053577423096,0.49942660331726074,615,0.2505737543106079
308,0.49816370010375977,0.49941134452819824,617,0.2505890130996704
309,0.4981260299682617,0.4993956685066223,619,0.25060468912124634
310,0.49808749556541443,0.49937960505485535,621,0.2506207823753357
311,0.4980480372905731,0.4993630647659302,623,0.25063735246658325
312,0.4980076849460602,0.499345988035202,625,0.2506544291973114
313,0.49796634912490845,0.49932846426963806,627,0.25067195296287537
314,0.49792397022247314,0.4993104636669159,629,0.2506899833679199
315,0.49788063764572144,0.4992919862270355,631,0.2507084906101227
316,0.49783632159233093,0.4992729425430298,633,0.2507275938987732
317,0.49779078364372253,0.49925336241722107,635,0.2507471740245819
318,0.49774420261383057,0.4992332458496094,637,0.2507673501968384
319,0.49769651889801025,0.49921250343322754,639,0.2507881224155426
320,0.4976474940776825,0.49919113516807556,641,0.2508094906806946
321,0.4975973665714264,0.4991692006587982,643,0.2508314549922943
322,0.4975459575653076,0.4991464614868164,645,0.2508542835712433
323,0.49749311804771423,0.49912315607070923,647,0.25087761878967285
324,0.49743902683258057,0.49909913539886475,649,0.2509016990661621
325,0.4973834455013275,0.49907442927360535,651,0.2509264051914215
326,0.49732649326324463,0.4990489184856415,653,0.25095197558403015
327,0.4972679615020752,0.49902260303497314,655,0.25097835063934326
328,0.4972079396247864,0.4989956021308899,657,0.2510054111480713
329,0.49714627861976624,0.49896761775016785,659,0.2510334253311157
330,0.4970828592777252,0.4989388585090637,661,0.251062273979187
331,0.49701783061027527,0.4989091455936432,663,0.2510920763015747
332,0.49695104360580444,0.49887850880622864,665,0.2511228024959564
333,0.4968823492527008,0.49884694814682007,667,0.2511543929576874
334,0.49681174755096436,0.49881431460380554,669,0.2511870563030243
335,0.49673908948898315,0.49878063797950745,671,0.2512208819389343
336,0.496664434671402,0.49874594807624817,673,0.25125566124916077
337,0.49658769369125366,0.49871009588241577,675,0.25129157304763794
338,0.4965086877346039,0.49867311120033264,677,0.2513286769390106
339,0.49642741680145264,0.4986349046230316,679,0.2513669431209564
340,0.4963437616825104,0.49859535694122314,681,0.25140663981437683
341,0.4962576627731323,0.4985544681549072,683,0.2514476478099823
342,0.49616897106170654,0.4985123574733734,685,0.2514898478984833
343,0.4960777163505554,0.4984687566757202,687,0.2515335977077484
344,0.4959835708141327,0.49842369556427,689,0.25157880783081055
345,0.4958866536617279,0.49837714433670044,691,0.25162550806999207
346,0.49578675627708435,0.49832895398139954,693,0.2516738772392273
347,0.49568378925323486,0.49827924370765686,695,0.2517237663269043
348,0.49557769298553467,0.4982277452945709,697,0.2517754137516022
349,0.49546825885772705,0.49817442893981934,699,0.2518289089202881
350,0.4953553080558777,0.4981192648410797,701,0.2518843114376068
351,0.4952388405799866,0.49806225299835205,703,0.2519415318965912
352,0.4951186776161194,0.4980032444000244,705,0.25200074911117554
353,0.4949946403503418,0.497942179441452,707,0.252062052488327
354,0.49486660957336426,0.4978790581226349,709,0.25212550163269043
355,0.49473443627357483,0.49781349301338196,711,0.25219133496284485
356,0.494597852230072,0.4977457821369171,713,0.25225934386253357
357,0.4944568872451782,0.49767568707466125,715,0.2523297667503357
358,0.49431127309799194,0.49760305881500244,717,0.2524026930332184
359,0.4941607415676117,0.4975278675556183,719,0.25247830152511597
360,0.4940052032470703,0.49744996428489685,721,0.25255653262138367
361,0.4938444197177887,0.4973693788051605,723,0.2526375353336334
362,0.4936783015727997,0.4972858428955078,725,0.25272154808044434
363,0.4935064911842346,0.4971993863582611,727,0.25280845165252686
364,0.49332886934280396,0.49710991978645325,729,0.2528984844684601
365,0.493145227432251,0.4970172345638275,731,0.252991646528244
366,0.4929550886154175,0.49692124128341675,733,0.25308823585510254
367,0.492758572101593,0.49682188034057617,735,0.25318822264671326
368,0.49255529046058655,0.49671900272369385,737,0.2532917559146881
369,0.4923449456691742,0.496612548828125,739,0.25339895486831665
370,0.49212735891342163,0.4965023994445801,741,0.25350984930992126
371,0.4919022023677826,0.49638843536376953,743,0.2536246180534363
372,0.4916692078113556,0.4962705075740814,745,0.25374338030815125
373,0.4914282262325287,0.49614858627319336,747,0.2538662552833557
374,0.4911789000034332,0.4960225820541382,749,0.2539932429790497
375,0.49092090129852295,0.49589237570762634,751,0.2541244626045227
376,0.49065399169921875,0.49575790762901306,753,0.2542600631713867
377,0.4903780221939087,0.4956190884113312,755,0.2544001340866089
378,0.49009254574775696,0.49547576904296875,757,0.2545447051525116
379,0.4897972345352173,0.49532797932624817,759,0.2546938955783844
380,0.4894920587539673,0.4951757490634918,761,0.25484755635261536
381,0.48917651176452637,0.49501892924308777,763,0.2550058662891388
382,0.4888504445552826,0.4948575794696808,765,0.2551688849925995
383,0.4885135591030121,0.49469149112701416,767,0.2553367018699646
384,0.48816564679145813,0.49452105164527893,769,0.25550901889801025
385,0.48780640959739685,0.4943459928035736,771,0.255685955286026
386,0.48743563890457153,0.4941665232181549,773,0.25586754083633423
387,0.48705312609672546,0.4939826726913452,775,0.25605353713035583
388,0.4866587221622467,0.49379459023475647,777,0.2562439441680908
389,0.486252099275589,0.493602454662323,779,0.2564384937286377
390,0.4858332872390747,0.4934065043926239,781,0.25663694739341736
391,0.48540204763412476,0.49320682883262634,783,0.2568393051624298
392,0.4849582314491272,0.4930037558078766,785,0.2570452392101288
393,0.48450180888175964,0.49279746413230896,787,0.25725439190864563
394,0.48403260111808777,0.49258849024772644,789,0.2574664354324341
395,0.4835507869720459,0.49237707257270813,791,0.25768107175827026
396,0.4830562472343445,0.49216362833976746,793,0.2578977644443512
397,0.48254886269569397,0.49194857478141785,795,0.2581162452697754
398,0.4820288121700287,0.49173247814178467,797,0.2583358883857727
399,0.481496125459671,0.4915158450603485,799,0.2585561275482178
400,0.48095080256462097,0.49129921197891235,801,0.2587765157222748
401,0.48039302229881287,0.491083025932312,803,0.25899648666381836
402,0.47982272505760193,0.49086806178092957,805,0.2592152953147888
403,0.47924020886421204,0.4906550645828247,807,0.25943228602409363
404,0.478645384311676,0.49044448137283325,809,0.25964683294296265
405,0.47803834080696106,0.4902370572090149,811,0.25985828042030334
406,0.477419376373291,0.4900335371494293,813,0.26006585359573364
407,0.47678834199905396,0.4898345470428467,815,0.26026880741119385
408,0.47614526748657227,0.48964086174964905,817,0.26046648621559143
409,0.47549018263816833,0.48945313692092896,819,0.2606581151485443
410,0.4748229682445526,0.48927202820777893,821,0.26084309816360474
411,0.47414350509643555,0.4890982508659363,823,0.26102060079574585
412,0.4734516143798828,0.488932341337204,825,0.26119011640548706
413,0.4727470874786377,0.48877498507499695,827,0.26135098934173584
414,0.4720293879508972,0.48862677812576294,829,0.26150259375572205
415,0.4712981879711151,0.48848819732666016,831,0.2616443336009979
416,0.4705527722835541,0.48835980892181396,833,0.2617757022380829
417,0.46979254484176636,0.4882420301437378,835,0.2618962228298187
418,0.46901679039001465,0.48813530802726746,837,0.26200544834136963
419,0.4682244062423706,0.48804008960723877,839,0.26210296154022217
420,0.46741437911987305,0.4879564344882965,841,0.2621886432170868
421,0.46658551692962646,0.4878849685192108,843,0.2622617781162262
422,0.46573641896247864,0.4878259003162384,845,0.262322336435318
423,0.4648655652999878,0.4877793788909912,847,0.2623699903488159
424,0.4639713764190674,0.4877457022666931,849,0.2624044716358185
425,0.46305209398269653,0.4877249598503113,851,0.2624257206916809
426,0.46210557222366333,0.48771756887435913,853,0.2624332904815674
427,0.46112972497940063,0.48772376775741577,855,0.2624269425868988
428,0.46012231707572937,0.4877435564994812,857,0.26240667700767517
429,0.45908084511756897,0.487777441740036,859,0.2623719274997711
430,0.4580027163028717,0.48782575130462646,861,0.26232248544692993
431,0.4568850100040436,0.4878888428211212,863,0.2622578740119934
432,0.4557247757911682,0.4879670739173889,865,0.2621777355670929
433,0.45451879501342773,0.48806115984916687,867,0.2620813548564911
434,0.4532635509967804,0.4881715476512909,869,0.26196834444999695
435,0.45195555686950684,0.4882992208003998,871,0.2618376612663269
436,0.4505906403064728,0.48844483494758606,873,0.2616887092590332
437,0.44916459918022156,0.48860958218574524,875,0.2615202069282532
438,0.44767293334007263,0.4887944757938385,877,0.26133111119270325
439,0.4461108148097992,0.48900097608566284,879,0.2611200213432312
440,0.4444728493690491,0.4892304837703705,881,0.26088547706604004
441,0.4427531957626343,0.4894847571849823,883,0.26062577962875366
442,0.44094568490982056,0.48976579308509827,885,0.26033899188041687
443,0.43904346227645874,0.49007558822631836,887,0.260022908449173
444,0.4370388388633728,0.4904167950153351,889,0.2596750855445862
445,0.43492361903190613,0.49079200625419617,891,0.25929275155067444
446,0.432688444852829,0.49120432138442993,893,0.2588730752468109
447,0.43032321333885193,0.4916570782661438,895,0.25841253995895386
448,0.42781636118888855,0.49215418100357056,897,0.2579073905944824
449,0.42515531182289124,0.4926998019218445,899,0.2573535144329071
450,0.42232564091682434,0.4932989180088043,901,0.2567460238933563
451,0.4193112552165985,0.49395692348480225,903,0.2560795843601227
452,0.4160940945148468,0.49467986822128296,905,0.25534844398498535
453,0.41265350580215454,0.4954749345779419,907,0.25454556941986084
454,0.4089662730693817,0.4963501989841461,909,0.25366315245628357
455,0.4050058126449585,0.4973149001598358,911,0.2526922821998596
456,0.40074190497398376,0.4983799457550049,913,0.25162267684936523
457,0.3961399793624878,0.4995575547218323,915,0.25044265389442444
458,0.39116036891937256,0.5008626580238342,917,0.24913810193538666
459,0.3857573866844177,0.502312183380127,919,0.24769316613674164
460,0.37987855076789856,0.5039268136024475,921,0.24608860909938812
461,0.3734632134437561,0.505730390548706,923,0.24430245161056519
462,0.36644160747528076,0.5077521800994873,925,0.24230793118476868
463,0.3587331175804138,0.5100265741348267,927,0.24007396399974823
464,0.35024476051330566,0.5125954151153564,929,0.23756323754787445
465,0.34087038040161133,0.5155086517333984,931,0.23473186790943146
466,0.33048880100250244,0.5188270211219788,933,0.2315274327993393
467,0.31896406412124634,0.5226233005523682,935,0.22788850963115692
468,0.3061463534832001,0.5269846320152283,937,0.22374354302883148
469,0.29187625646591187,0.5320139527320862,939,0.21901094913482666
470,0.2759931981563568,0.5378313660621643,941,0.21359984576702118
471,0.25835123658180237,0.5445713400840759,943,0.20741528272628784
472,0.23884528875350952,0.5523775815963745,945,0.2003658413887024
473,0.2174515277147293,0.5613892674446106,947,0.19237938523292542
474,0.1942826211452484,0.5717179179191589,949,0.18342554569244385
475,0.16965441405773163,0.5834118127822876,951,0.1735457330942154
476,0.14415092766284943,0.5964130163192749,953,0.16288244724273682
477,0.11866004019975662,0.6105175018310547,955,0.15169662237167358
478,0.09434269368648529,0.6253608465194702,957,0.14035449922084808
479,0.07250133156776428,0.6404492855072021,959,0.12927672266960144
480,0.05434051528573036,0.6552379131317139,961,0.11886090040206909
481,0.04065907374024391,0.669232964515686,963,0.10940683633089066
482,0.03155847266316414,0.6820766925811768,965,0.10107523202896118
483,0.026296420022845268,0.6935867667198181,967,0.09388907253742218
484,0.023412682116031647,0.7037478089332581,969,0.08776536583900452
485,0.021194543689489365,0.7126724123954773,971,0.08255714178085327
486,0.018366055563092232,0.7205488085746765,973,0.07809296995401382
487,0.014651822857558727,0.7275898456573486,975,0.07420729100704193
488,0.01081479899585247,0.7339868545532227,977,0.070762999355793
489,0.008042236790060997,0.7398781776428223,979,0.06766336411237717
490,0.007032599300146103,0.7453416585922241,981,0.06485087424516678
491,0.007430336903780699,0.750411868095398,983,0.062294237315654755
492,0.008049583062529564,0.7551119327545166,985,0.05997016653418541
493,0.0077685280703008175,0.7594778537750244,987,0.057850904762744904
494,0.006387616507709026,0.7635630965232849,989,0.05590241029858589
495,0.004717423114925623,0.7674236297607422,991,0.054091766476631165
496,0.003803963540121913,0.7710990309715271,993,0.05239565670490265
497,0.003981291316449642,0.7746044993400574,995,0.050803132355213165
498,0.004625316709280014,0.7779425978660583,997,0.049309492111206055
499,0.004800514318048954,0.7811180353164673,999,0.047909315675497055
500,0.004159446340054274,0.7841483950614929,1001,0.04659191891551018
501,0.0032149965409189463,0.7870570421218872,1003,0.04534470662474632
502,0.0027352585457265377,0.7898616194725037,1005,0.04415813833475113
503,0.0029417958576232195,0.7925674915313721,1007,0.043028246611356735
504,0.003343039657920599,0.7951738834381104,1009,0.04195374250411987
505,0.0033283988013863564,0.7976832985877991,1011,0.04093204811215401
506,0.002830138895660639,0.8001056909561157,1013,0.03995773568749428
507,0.0023276349529623985,0.8024523258209229,1015,0.03902508690953255
508,0.002246217569336295,0.8047299385070801,1017,0.03813039883971214
509,0.0024872832000255585,0.8069390654563904,1019,0.03727252781391144
510,0.002609603339806199,0.8090794086456299,1021,0.03645067662000656
511,0.0023822414223104715,0.8111549615859985,1023,0.0356624498963356
512,0.0020277760922908783,0.8131725788116455,1025,0.03490448743104935
513,0.0018944456242024899,0.8151369690895081,1027,0.03417434170842171
514,0.0020146300084888935,0.8170496225357056,1029,0.033470842987298965
515,0.002111135283485055,0.8189101219177246,1031,0.032793544232845306
516,0.0019836463034152985,0.8207206726074219,1033,0.032141078263521194
517,0.0017510387115180492,0.8224854469299316,1035,0.031511418521404266
518,0.0016524106031283736,0.824207603931427,1037,0.030902966856956482
519,0.0017207011114805937,0.8258882164955139,1039,0.030314914882183075
520,0.0017670411616563797,0.827527642250061,1041,0.02974671497941017
521,0.0016665940638631582,0.8291270732879639,1043,0.029197556897997856
522,0.0015142004704102874,0.830689549446106,1045,0.02866603061556816
523,0.0014649219810962677,0.8322169780731201,1047,0.028151143342256546
524,0.0015083575854077935,0.8337101340293884,1049,0.0276523195207119
525,0.0015103549230843782,0.8351693749427795,1051,0.027169136330485344
526,0.0014201031299307942,0.8365961909294128,1053,0.026700805872678757
527,0.0013273078948259354,0.8379924893379211,1055,0.026246434077620506
528,0.0013144533149898052,0.8393593430519104,1057,0.02580542117357254
529,0.0013362644240260124,0.8406972885131836,1059,0.02537735551595688
530,0.0013057212345302105,0.8420071601867676,1061,0.024961737915873528
531,0.001230166875757277,0.8432900905609131,1063,0.024557996541261673
532,0.0011855807388201356,0.8445472717285156,1065,0.024165550246834755
533,0.0011893726186826825,0.8457794189453125,1067,0.023783987388014793
534,0.0011840672232210636,0.8469871282577515,1069,0.02341293916106224
535,0.0011382950469851494,0.848171055316925,1071,0.023052029311656952
536,0.001090262085199356,0.8493323922157288,1073,0.022700728848576546
537,0.0010768352076411247,0.8504716157913208,1075,0.022358737885951996
538,0.0010741888545453548,0.8515893816947937,1077,0.022025713697075844
539,0.001048502279445529,0.8526861071586609,1079,0.021701384335756302
540,0.0010085578542202711,0.8537628054618835,1081,0.02138531766831875
541,0.000987335341051221,0.8548198938369751,1083,0.021077264100313187
542,0.0009821756975725293,0.8558580279350281,1085,0.020776908844709396
543,0.0009653400629758835,0.8568775653839111,1087,0.02048403210937977
544,0.0009345008875243366,0.857879102230072,1089,0.02019835077226162
545,0.0009132512495853007,0.8588632941246033,1091,0.01991957053542137
546,0.0009045890183188021,0.8598305583000183,1093,0.019647473469376564
547,0.000891057017724961,0.8607810735702515,1095,0.01938191056251526
548,0.0008677014848217368,0.8617157936096191,1097,0.019122522324323654
549,0.0008482773555442691,0.8626347780227661,1099,0.018869204446673393
550,0.0008385627879761159,0.8635385036468506,1101,0.018621740862727165
551,0.0008259344613179564,0.8644274473190308,1103,0.01837991736829281
552,0.000807160628028214,0.8653020858764648,1105,0.01814352720975876
553,0.0007912356522865593,0.8661625385284424,1107,0.01791246607899666
554,0.000780482601840049,0.8670093417167664,1109,0.017686516046524048
555,0.0007690753554925323,0.8678428530693054,1111,0.017465511336922646
556,0.0007530527072958648,0.8686633110046387,1113,0.017249327152967453
557,0.0007394129643216729,0.86947101354599,1115,0.01703781820833683
558,0.0007304844330064952,0.8702664375305176,1117,0.016830798238515854
559,0.0007186297443695366,0.8710498809814453,1119,0.01662813313305378
560,0.000704278820194304,0.8718213438987732,1121,0.01642976887524128
561,0.0006933414842933416,0.8725814819335938,1123,0.016235480085015297
562,0.0006847100448794663,0.8733303546905518,1125,0.01604519970715046
563,0.0006734859780408442,0.8740682601928711,1127,0.015858802944421768
564,0.0006614622543565929,0.8747954368591309,1129,0.015676183626055717
565,0.0006518464651890099,0.8755121827125549,1131,0.015497216954827309
566,0.0006438169511966407,0.8762186169624329,1133,0.015321831218898296
567,0.0006327033624984324,0.8769152164459229,1135,0.015149864368140697
568,0.0006229333230294287,0.8776021599769592,1137,0.014981230720877647
569,0.0006149975815787911,0.8782793283462524,1139,0.01481592282652855
570,0.0006054851692169905,0.8789473176002502,1141,0.014653751626610756
571,0.0005968341720290482,0.8796061277389526,1143,0.014494684524834156
572,0.0005888510495424271,0.8802559971809387,1145,0.014338626526296139
573,0.0005793380551040173,0.8808972835540771,1147,0.014185457490384579
574,0.0005723031936213374,0.8815299272537231,1149,0.014035157859325409
575,0.0005649126251228154,0.882154107093811,1151,0.01388765498995781
576,0.0005556970718316734,0.8827702403068542,1153,0.013742816634476185
577,0.0005488183815032244,0.883378267288208,1155,0.01360062975436449
578,0.0005430062883533537,0.8839784860610962,1157,0.013460991904139519
579,0.0005335042369551957,0.8845711350440979,1159,0.013323822990059853
580,0.0005270308465696871,0.8851561546325684,1161,0.013189109042286873
581,0.0005209886585362256,0.8857339024543762,1163,0.01305674109607935
582,0.0005141007131896913,0.8863043189048767,1165,0.012926707975566387
583,0.0005067100282758474,0.8868677020072937,1167,0.012798917479813099
584,0.000500833208207041,0.8874242305755615,1169,0.012673304416239262
585,0.0004947007400915027,0.8879737854003906,1171,0.012549873441457748
586,0.0004888540715910494,0.8885167837142944,1173,0.012428507208824158
587,0.0004816185974050313,0.889053225517273,1175,0.012309187091886997
588,0.00047624605940654874,0.8895833492279053,1177,0.012191837653517723
589,0.00047145725693553686,0.8901071548461914,1179,0.01207643747329712
590,0.0004648346803151071,0.8906247019767761,1181,0.011962955817580223
591,0.00045800517546013,0.8911362886428833,1183,0.011851307936012745
592,0.00045526705798693,0.8916419148445129,1185,0.011741475202143192
593,0.0004485198587644845,0.8921416401863098,1187,0.011633426882326603
594,0.00044324726331979036,0.8926358222961426,1189,0.011527067050337791
595,0.000438165181549266,0.8931242227554321,1191,0.011422432959079742
596,0.00043337291572242975,0.8936072587966919,1193,0.011319415643811226
597,0.0004283263406250626,0.8940847516059875,1195,0.011218040250241756
598,0.0004233719955664128,0.8945571184158325,1197,0.011118201538920403
599,0.00041860921191982925,0.8950241208076477,1199,0.011019935831427574
600,0.00041393929859623313,0.8954859375953674,1201,0.010923189111053944
601,0.00041015626629814506,0.8959428668022156,1203,0.010827886871993542
602,0.00040428299689665437,0.8963947296142578,1205,0.010734052397310734
603,0.00040053814882412553,0.8968419432640076,1207,0.010641585104167461
604,0.0003972353879362345,0.897284209728241,1209,0.010550533421337605
605,0.00039129340439103544,0.8977218866348267,1211,0.010460813529789448
606,0.000387831125408411,0.8981549739837646,1213,0.010372409597039223
607,0.000384364218916744,0.8985834121704102,1215,0.010285324417054653
608,0.0003797479148488492,0.8990073204040527,1217,0.010199521668255329
609,0.00037487721419893205,0.899427056312561,1219,0.010114917531609535
610,0.0003729400341399014,0.899842381477356,1221,0.010031548328697681
611,0.0003682089445646852,0.9002534747123718,1223,0.00994937028735876
612,0.0003632231673691422,0.9006603956222534,1225,0.009868357330560684
613,0.00036207266384735703,0.9010632634162903,1227,0.009788477793335915
614,0.00035662850132212043,0.9014620780944824,1229,0.009709722362458706
615,0.00035287588252685964,0.9018570184707642,1231,0.009632045403122902
616,0.00035081696114502847,0.9022478461265564,1233,0.009555484168231487
617,0.0003464070032350719,0.9026350378990173,1235,0.009479936212301254
618,0.00034244227572344244,0.9030183553695679,1237,0.009405439719557762
619,0.0003412231453694403,0.9033979773521423,1239,0.009331950917840004
620,0.00033620058093219995,0.903773844242096,1241,0.009259473532438278
621,0.00033207371598109603,0.9041462540626526,1243,0.009187941439449787
622,0.0003320972609799355,0.9045149683952332,1245,0.009117391891777515
623,0.00032621092395856977,0.9048802852630615,1247,0.009047760628163815
624,0.00032292402465827763,0.9052422046661377,1249,0.008979040198028088
625,0.00032289099181070924,0.9056006073951721,1251,0.008911245502531528
626,0.0003172422875650227,0.9059557318687439,1253,0.008844324387609959
627,0.0003139454929623753,0.9063076376914978,1255,0.00877825915813446
628,0.00031455839052796364,0.9066562652587891,1257,0.008713052608072758
629,0.00030764308758080006,0.9070016741752625,1259,0.008648688904941082
630,0.0003060434537474066,0.9073439240455627,1261,0.008585148490965366
631,0.00030579775921069086,0.907683253288269,1263,0.008522382006049156
632,0.00029922107933089137,0.9080193638801575,1265,0.008460437878966331
633,0.00029887064010836184,0.9083524346351624,1267,0.008399276994168758
634,0.00029716177959926426,0.9086827039718628,1269,0.008338849060237408
635,0.0002914277429226786,0.9090099334716797,1271,0.008279192261397839
636,0.00029122279374860227,0.9093343615531921,1273,0.008220258168876171
637,0.0002891549956984818,0.9096559286117554,1275,0.008162051439285278
638,0.0002840142697095871,0.9099746346473694,1277,0.008104566484689713
639,0.00028425760683603585,0.9102905988693237,1279,0.008047777228057384
640,0.0002803697716444731,0.9106038808822632,1281,0.007991665974259377
641,0.0002782927767839283,0.910914421081543,1283,0.007936240173876286
642,0.000276969833066687,0.911222517490387,1285,0.007881442084908485
643,0.0002727207902353257,0.9115278124809265,1287,0.007827328518033028
644,0.00027149476227350533,0.9118306636810303,1289,0.007773831952363253
645,0.0002701159392017871,0.9121308326721191,1291,0.007720991037786007
646,0.0002654550189618021,0.9124286770820618,1293,0.007668736856430769
647,0.0002663945488166064,0.912723958492279,1295,0.007617107592523098
648,0.0002628899528644979,0.9130167961120605,1297,0.007566077634692192
649,0.0002584227186162025,0.9133073091506958,1299,0.007515622768551111
650,0.0002605214831419289,0.9135953783988953,1301,0.007465758826583624
651,0.00025594860198907554,0.9138810634613037,1303,0.0074164713732898235
652,0.0002534454979468137,0.9141646027565002,1305,0.007367715239524841
653,0.00025367160560563207,0.914445698261261,1307,0.00731953838840127
654,0.0002489897597115487,0.9147247672080994,1309,0.0072718653827905655
655,0.0002492135972715914,0.915001392364502,1311,0.0072247632779181
656,0.0002469565952196717,0.9152759313583374,1313,0.007178167812526226
657,0.00024327986466232687,0.9155483245849609,1315,0.007132085505872965
658,0.00024365274293813854,0.9158185124397278,1317,0.007086523342877626
659,0.000240428009419702,0.916086733341217,1319,0.007041436620056629
660,0.00023811323626432568,0.9163528084754944,1321,0.006996852811425924
661,0.0002391932503087446,0.916616678237915,1323,0.006952778436243534
662,0.000232819133088924,0.9168787002563477,1325,0.006909150630235672
663,0.00023526693985331804,0.9171386361122131,1327,0.006866005714982748
664,0.00023223599418997765,0.917396605014801,1329,0.006823320873081684
665,0.00022773115779273212,0.9176527261734009,1331,0.0067810737527906895
666,0.00023109206813387573,0.9179067611694336,1333,0.0067392997443675995
667,0.00022572044690605253,0.9181591272354126,1335,0.006697928532958031
668,0.00022374856052920222,0.9184093475341797,1337,0.00665703509002924
669,0.00022609381994698197,0.9186578989028931,1339,0.00661653745919466
670,0.00021939397265668958,0.9189045429229736,1341,0.006576473359018564
671,0.00022117937623988837,0.9191493391990662,1343,0.00653682928532362
672,0.00021899929561186582,0.9193924069404602,1345,0.006497584283351898
673,0.00021605480287689716,0.9196337461471558,1347,0.006458735093474388
674,0.00021626257512252778,0.9198731780052185,1349,0.006420307792723179
675,0.00021377312077675015,0.9201110005378723,1351,0.006382252089679241
676,0.0002121473225997761,0.9203470349311829,1353,0.006344594992697239
677,0.0002115895476890728,0.9205814599990845,1355,0.006307304371148348
678,0.00020929968741256744,0.9208141565322876,1357,0.006270397920161486
679,0.00020746678637806326,0.9210453629493713,1359,0.006233834661543369
680,0.0002079254190903157,0.9212746620178223,1361,0.0061976793222129345
681,0.00020364439114928246,0.9215025901794434,1363,0.006161843426525593
682,0.0002051211631624028,0.9217289090156555,1365,0.0061263637617230415
683,0.0002012956392718479,0.9219536185264587,1367,0.006091237999498844
684,0.00020226198830641806,0.9221767783164978,1369,0.006056454032659531
685,0.0001983312249649316,0.9223983883857727,1371,0.006022009998559952
686,0.00019899060134775937,0.9226183295249939,1373,0.005987923126667738
687,0.0001974553888430819,0.9228368997573853,1375,0.0059541440568864346
688,0.0001943366223713383,0.9230539798736572,1377,0.005920690484344959
689,0.00019637330842670053,0.9232696294784546,1379,0.005887549836188555
690,0.0001903410884551704,0.923483669757843,1381,0.005854749120771885
691,0.0001951869489857927,0.9236964583396912,1383,0.0058222305960953236
692,0.0001873116270871833,0.9239078164100647,1385,0.005790020804852247
693,0.00019149410945829004,0.9241176247596741,1387,0.005758135113865137
694,0.00018719224317464978,0.9243261218070984,1389,0.005726535804569721
695,0.0001864162622950971,0.9245332479476929,1391,0.005695230793207884
696,0.0001873274304671213,0.9247389435768127,1393,0.005664226599037647
697,0.00018194668518844992,0.9249433279037476,1395,0.005633504129946232
698,0.0001863873185357079,0.9251464605331421,1397,0.005603052210062742
699,0.00017829098214861006,0.925348162651062,1399,0.005572897382080555
700,0.00018539420852903277,0.9255486726760864,1401,0.005543000530451536
701,0.00017509199096821249,0.925747811794281,1403,0.005513387732207775
702,0.00018357989029027522,0.9259457588195801,1405,0.005484031047672033
703,0.00017286256479565054,0.9261423945426941,1407,0.005454946309328079
704,0.00018140446627512574,0.9263377785682678,1409,0.005426122806966305
705,0.00016934920859057456,0.9265318512916565,1411,0.0053975689224898815
706,0.00018204534717369825,0.9267247319221497,1413,0.0053692650981247425
707,0.00016352493548765779,0.9269164800643921,1415,0.005341201089322567
708,0.0001845318911364302,0.9271069169044495,1417,0.005313401576131582
709,0.00015513040125370026,0.9272962808609009,1419,0.005285830702632666
710,0.00019112347217742354,0.927484393119812,1421,0.005258513614535332
711,0.0001410835684509948,0.9276713728904724,1423,0.005231430754065514
712,0.00020495522767305374,0.9278570413589478,1425,0.005204606801271439
713,0.00011819412611657754,0.928041934967041,1427,0.005177963059395552
714,0.00023168217740021646,0.9282253980636597,1429,0.005151593592017889
715,7.484231173293665e-05,0.9284079670906067,1431,0.005125419702380896
716,0.00028985468088649213,0.9285891056060791,1433,0.005099515896290541
717,-1.4852625099592842e-05,0.9287696480751038,1435,0.005073763430118561
718,0.00041683416930027306,0.9289484620094299,1437,0.005048321560025215
719,-0.0002082442952087149,0.9291269183158875,1439,0.00502299377694726
720,0.0007028595427982509,0.9293032884597778,1441,0.004998025018721819
721,-0.000649065594188869,0.929480254650116,1443,0.004973034840077162
722,0.001377162872813642,0.9296537041664124,1445,0.004948601592332125
723,-0.0017071675974875689,0.9298298954963684,1447,0.004923843313008547
724,0.0030380445532500744,0.9299991130828857,1449,0.00490012438967824
725,-0.00436591450124979,0.9301767349243164,1451,0.0048752883449196815
726,0.007289355620741844,0.9303379058837891,1453,0.004852807614952326
727,-0.011313465423882008,0.930522620677948,1455,0.00482710637152195
728,0.018475020304322243,0.9306655526161194,1457,0.004807265941053629
729,-0.0298252422362566,0.9308692216873169,1459,0.004779064562171698
730,0.046931225806474686,0.9309702515602112,1461,0.004765106365084648
731,-0.07369859516620636,0.9311887621879578,1463,0.004734986461699009
732,0.09344864636659622,0.9312682747840881,1465,0.004724050406366587
733,-0.10746856033802032,0.9313749074935913,1467,0.004709403496235609
734,0.062435369938611984,0.9315897226333618,1469,0.004679966252297163
735,-0.002121201017871499,0.9315882921218872,1471,0.004680161830037832
736,-0.0460231713950634,0.9317840337753296,1473,0.004653417970985174
737,0.058147985488176346,0.9319037795066833,1475,0.004637095611542463
738,-0.03785457834601402,0.9319671392440796,1477,0.004628470167517662
739,-0.0031992574222385883,0.9321767687797546,1479,0.004599990788847208
740,0.03527249023318291,0.9322620034217834,1481,0.004588436335325241
741,-0.03911737725138664,0.932378888130188,1483,0.004572614561766386
742,0.013927079737186432,0.932573676109314,1485,0.004546309355646372
743,0.016476411372423172,0.9326609373092651,1487,0.004534549545496702
744,-0.02941674366593361,0.9328083992004395,1489,0.004514711443334818
745,0.018371809273958206,0.932982861995697,1491,0.00449129706248641
746,0.003646574215963483,0.93308424949646,1493,0.004477717913687229
747,-0.018378162756562233,0.9332466721534729,1495,0.004456006921827793
748,0.017261145636439323,0.9334036707878113,1497,0.0044350712560117245
749,-0.00408244738355279,0.9335206151008606,1499,0.0044195088557899
750,-0.009018214419484138,0.9336874485015869,1501,0.004397354554384947
751,0.013663122430443764,0.9338322281837463,1503,0.004378174431622028
752,-0.00771699845790863,0.9339622259140015,1505,0.004360987804830074
753,-0.002095031552016735,0.9341269135475159,1507,0.004339263308793306
754,0.009066702798008919,0.9342643618583679,1509,0.00432117423042655
755,-0.008227617479860783,0.9344040155410767,1511,0.004302833694964647
756,0.002318665152415633,0.934562623500824,1513,0.004282050766050816
757,0.00446165120229125,0.9346970915794373,1515,0.004264470189809799
758,-0.006610575597733259,0.9348425269126892,1517,0.004245496820658445
759,0.004385652951896191,0.9349935054779053,1519,0.004225844517350197
760,0.0006601485074497759,0.9351279139518738,1521,0.004208387341350317
761,-0.003909206949174404,0.9352757334709167,1523,0.004189230501651764
762,0.00447606947273016,0.9354193806648254,1525,0.00417065666988492
763,-0.0017513423226773739,0.9355553984642029,1527,0.004153106827288866
764,-0.0011249168310314417,0.9357020854949951,1529,0.004134221933782101
765,0.0031942634377628565,0.935840368270874,1531,0.00411645881831646
766,-0.0025570096913725138,0.9359782338142395,1533,0.004098786506801844
767,0.000932150986045599,0.93612140417099,1535,0.004080475308001041
768,0.0013455257285386324,0.936256468296051,1537,0.004063237924128771
769,-0.0020105065777897835,0.9363952279090881,1539,0.004045567009598017
770,0.0018172182608395815,0.9365339279174805,1541,0.004027942661195993
771,-0.00023848027922213078,0.9366678595542908,1543,0.0040109604597091675
772,-0.0007643612916581333,0.936805784702301,1545,0.003993508871644735
773,0.0015736612258479,0.9369403719902039,1547,0.003976516891270876
774,-0.0009866522159427404,0.9370739459991455,1549,0.0039596883580088615
775,0.00039821298560127616,0.9372096061706543,1551,0.003942633513361216
776,0.0006920877494849265,0.9373413324356079,1553,0.003926108591258526
777,-0.0008208872168324888,0.9374743700027466,1555,0.003909454680979252
778,0.0009195690508931875,0.9376068711280823,1557,0.0038929027505218983
779,-0.00014530689804814756,0.9377371668815613,1559,0.0038766604848206043
780,-0.00015039225399959832,0.9378687739372253,1561,0.003860289230942726
781,0.0007216478697955608,0.9379984140396118,1563,0.0038441966753453016
782,-0.0004490468418225646,0.9381275773048401,1565,0.0038281967863440514
783,0.000422932265792042,0.9382568597793579,1567,0.0038122152909636497
784,0.00018706623814068735,0.9383844137191772,1569,0.0037964805960655212
785,-0.00020068520097993314,0.9385122060775757,1571,0.0037807489279657602
786,0.0005230405367910862,0.9386391639709473,1573,0.0037651523016393185
787,-0.00016687388415448368,0.9387651681900024,1575,0.003749704919755459
788,0.0002047374873654917,0.9388912916183472,1577,0.0037342743016779423
789,0.00024316417693626136,0.9390161633491516,1579,0.003719028551131487
790,-0.00011569447087822482,0.9391406774520874,1581,0.0037038573063910007
791,0.00036160851595923305,0.9392647743225098,1583,0.003688767785206437
792,-3.141271008644253e-05,0.9393879175186157,1585,0.0036738247144967318
793,0.00014431447198148817,0.9395107626914978,1587,0.0036589480005204678
794,0.00020798422337975353,0.9396328926086426,1589,0.0036441877018660307
795,-2.989135100506246e-05,0.9397544860839844,1591,0.0036295221652835608
796,0.0002654094132594764,0.9398756623268127,1593,0.0036149360239505768
797,2.149338979506865e-05,0.939996063709259,1595,0.0036004725843667984
798,0.00014061920228414237,0.9401159882545471,1597,0.0035860948264598846
799,0.00016109108400996774,0.9402352571487427,1599,0.003571824636310339
800,3.0457244065473787e-05,0.94035404920578,1601,0.0035576396621763706
801,0.00020975239749532193,0.9404723644256592,1603,0.003543539671227336
802,4.181830445304513e-05,0.9405900239944458,1605,0.00352954538539052
803,0.00015123609045986086,0.940707266330719,1607,0.0035156283993273973
804,0.00011693698615999892,0.9408238530158997,1609,0.0035018164198845625
805,8.017735672183335e-05,0.9409399628639221,1611,0.003488088259473443
806,0.00016296710236929357,0.9410555362701416,1613,0.0034744497388601303
807,6.253486208152026e-05,0.9411707520484924,1615,0.003460880368947983
808,0.00014962071145419031,0.9412853121757507,1617,0.0034474146086722612
809,9.387676254846156e-05,0.9413992166519165,1619,0.0034340519923716784
810,0.00010827616642927751,0.9415128827095032,1621,0.003420742927119136
811,0.00013070693239569664,0.9416258931159973,1623,0.003407536307349801
812,8.009736484382302e-05,0.9417384266853333,1625,0.0033944109454751015
813,0.00014231771638151258,0.9418503046035767,1627,0.0033813873305916786
814,7.991017628228292e-05,0.9419618844985962,1629,0.0033684230875223875
815,0.00013015104923397303,0.942072868347168,1631,0.003355552675202489
816,9.746018622536212e-05,0.9421833753585815,1633,0.0033427621237933636
817,0.00010806441423483193,0.9422934651374817,1635,0.003330044448375702
818,0.0001162187400041148,0.9424030184745789,1637,0.003317412454634905
819,9.128820965997875e-05,0.9425122141838074,1639,0.003304845653474331
820,0.00012553947453852743,0.9426208138465881,1641,0.003292371053248644
821,8.619610889581963e-05,0.9427288770675659,1643,0.003279981669038534
822,0.00012379711552057415,0.942836582660675,1645,0.003267656546086073
823,8.982140570878983e-05,0.9429437518119812,1647,0.0032554154749959707
824,0.00011594390525715426,0.9430505633354187,1649,0.0032432384323328733
825,9.720889647724107e-05,0.9431567788124084,1651,0.0032311517279595137
826,0.00010625804134178907,0.9432628154754639,1653,0.00321910809725523
827,0.00010507003025850281,0.943368136882782,1655,0.0032071678433567286
828,9.792532364372164e-05,0.9434730410575867,1657,0.0031952972058206797
829,0.0001090157893486321,0.9435775876045227,1659,0.0031834887340664864
830,9.376906382385641e-05,0.9436816573143005,1661,0.003171755699440837
831,0.00011207475472474471,0.9437851905822754,1663,0.0031601048540323973
832,8.825134136714041e-05,0.9438884258270264,1665,0.00314850895665586
833,0.00011534416989888996,0.9439910650253296,1667,0.00313700083643198
834,8.482221892336383e-05,0.9440934062004089,1669,0.0031255471985787153
835,0.0001157388833235018,0.9441952705383301,1671,0.0031141680665314198
836,8.332644210895523e-05,0.9442968368530273,1673,0.0031028424855321646
837,0.00011540130071807653,0.9443978667259216,1675,0.00309159723110497
838,8.172512025339529e-05,0.9444985389709473,1677,0.0030804122798144817
839,0.00011689448729157448,0.9445986151695251,1679,0.0030693134758621454
840,7.614585047122091e-05,0.9446984529495239,1681,0.00305826123803854
841,0.00012346428411547095,0.944797933101654,1683,0.003047268372029066
842,6.580044282600284e-05,0.9448968172073364,1685,0.0030363609548658133
843,0.00013396264694165438,0.9449955224990845,1687,0.0030254924204200506
844,5.162759407539852e-05,0.9450936913490295,1689,0.0030147028155624866
845,0.00015053851529955864,0.9451914429664612,1691,0.0030039779376238585
846,2.6763420464703813e-05,0.9452888369560242,1693,0.0029933115001767874
847,0.00018272546003572643,0.9453856945037842,1695,0.002982722595334053
848,-1.8545941202319227e-05,0.9454824924468994,1697,0.0029721588362008333
849,0.00024288988788612187,0.9455785155296326,1699,0.0029616982210427523
850,-0.00010332022065995261,0.9456745386123657,1701,0.00295125599950552
851,0.0003581666969694197,0.945769727230072,1703,0.002940922509878874
852,-0.000266101211309433,0.9458651542663574,1705,0.002930581569671631
853,0.0005871379398740828,0.9459594488143921,1707,0.002920381259173155
854,-0.0005956016248092055,0.946054220199585,1709,0.002910147188231349
855,0.0010600333334878087,0.9461474418640137,1711,0.002900098217651248
856,-0.0012875600950792432,0.9462420344352722,1713,0.002889918861910701
857,0.0020753913559019566,0.9463335871696472,1715,0.0028800840955227613
858,-0.002800522604957223,0.9464289546012878,1717,0.002869857009500265
859,0.004332567565143108,0.9465175867080688,1719,0.002860368462279439
860,-0.006225835531949997,0.9466151595115662,1721,0.002849941374734044
861,0.009505481459200382,0.9466982483863831,1723,0.0028410768136382103
862,-0.014216436073184013,0.9468018412590027,1725,0.0028300441335886717
863,0.021554701030254364,0.9468720555305481,1727,0.0028225784189999104
864,-0.0329238586127758,0.9469879865646362,1729,0.0028102737851440907
865,0.04811883717775345,0.9470316767692566,1731,0.0028056432493031025
866,-0.07094436883926392,0.9471526145935059,1733,0.0027928464114665985
867,0.08592253178358078,0.9471824765205383,1735,0.0027896908577531576
868,-0.09799851477146149,0.9472363591194153,1737,0.002784001873806119
869,0.06641095876693726,0.9473386406898499,1739,0.0027732187882065773
870,-0.02205747365951538,0.947319746017456,1741,0.0027752092573791742
871,-0.02207081764936447,0.9474390149116516,1743,0.002762657357379794
872,0.04836001992225647,0.9474677443504333,1745,0.0027596380095928907
873,-0.04960079491138458,0.9475133419036865,1747,0.0027548493817448616
874,0.022147435694932938,0.9476247429847717,1749,0.002743167569860816
875,0.01164287980645895,0.9476430416107178,1751,0.002741251140832901
876,-0.03230903670191765,0.9477322697639465,1753,0.0027319155633449554
877,0.02978590875864029,0.9478161334991455,1755,0.0027231560088694096
878,-0.01153993234038353,0.9478565454483032,1757,0.002718940144404769
879,-0.009681791067123413,0.9479610919952393,1759,0.0027080480940639973
880,0.021460745483636856,0.9480262398719788,1761,0.002701271791011095
881,-0.018702207133173943,0.9480922222137451,1763,0.0026944174896925688
882,0.005203826818615198,0.9481935501098633,1765,0.002683908212929964
883,0.009114977903664112,0.9482541084289551,1767,0.0026776373852044344
884,-0.015144851058721542,0.9483380317687988,1769,0.0026689590886235237
885,0.011047433130443096,0.9484288096427917,1771,0.002659587888047099
886,-0.0011080288095399737,0.9484942555427551,1773,0.002652841852977872
887,-0.0073044137097895145,0.9485862255096436,1775,0.002643376123160124
888,0.010096130892634392,0.948667049407959,1777,0.0026350717525929213
889,-0.006408627610653639,0.9487411379814148,1779,0.0026274709962308407
890,-2.7981661332887597e-05,0.9488330483436584,1781,0.0026180569548159838
891,0.005516508594155312,0.9489085674285889,1783,0.0026103344280272722
892,-0.006644758861511946,0.9489901661872864,1785,0.002602003049105406
893,0.004074178636074066,0.9490772485733032,1787,0.0025931268464773893
894,0.0005013237241655588,0.9491525292396545,1789,0.002585465321317315
895,-0.0036707930266857147,0.9492380023002625,1791,0.002576780505478382
896,0.00451936200261116,0.9493196606636047,1793,0.0025684968568384647
897,-0.002568531082943082,0.9493972659111023,1795,0.0025606367271393538
898,-0.00010418375313747674,0.949482798576355,1797,0.0025519875343889
899,0.0024868177715688944,0.9495607018470764,1799,0.0025441229809075594
900,-0.002890279982239008,0.9496414661407471,1801,0.002535982057452202
901,0.002011094009503722,0.9497239589691162,1803,0.0025276802480220795
902,-3.536265285219997e-05,0.9498013257980347,1805,0.0025199069641530514
903,-0.0013208827003836632,0.9498831629753113,1807,0.0025116975884884596
904,0.002043327083811164,0.9499624967575073,1809,0.0025037520099431276
905,-0.0013955117901787162,0.9500408172607422,1811,0.0024959200527518988
906,0.0004727827326860279,0.9501216411590576,1813,0.0024878508411347866
907,0.0007583773112855852,0.9501990675926208,1815,0.002480132970958948
908,-0.0011494677746668458,0.9502783417701721,1817,0.002472243271768093
909,0.0012107531074434519,0.9503569006919861,1819,0.0024644373916089535
910,-0.0004652045026887208,0.950434148311615,1821,0.0024567737709730864
911,-8.138810517266393e-05,0.9505129456520081,1823,0.0024489685893058777
912,0.0007514408207498491,0.9505898356437683,1825,0.002441364573314786
913,-0.0007190607720986009,0.9506673216819763,1827,0.0024337132927030325
914,0.0006546216900460422,0.9507446885108948,1829,0.0024260857608169317
915,-7.670027844142169e-05,0.9508209228515625,1831,0.002418581862002611
916,-0.00016313482774421573,0.9508978724479675,1833,0.002411019057035446
917,0.0005530041526071727,0.9509739279747009,1835,0.002403555903583765
918,-0.00039778431528247893,0.9510498642921448,1837,0.0023961158003658056
919,0.0003802702995017171,0.9511258602142334,1839,0.0023886815179139376
920,3.323408600408584e-05,0.9512009620666504,1841,0.0023813461884856224
921,-9.882925951387733e-05,0.9512764811515808,1843,0.002373981289565563
922,0.00037452878314070404,0.9513512849807739,1845,0.002366697648540139
923,-0.00021001877030357718,0.9514259696006775,1847,0.0023594365920871496
924,0.0002611608651932329,0.9515005946159363,1849,0.002352192299440503
925,4.1852508729789406e-05,0.9515746235847473,1851,0.002345017157495022
926,-1.726098525978159e-05,0.9516488313674927,1853,0.002337835729122162
927,0.0002480983384884894,0.951722264289856,1855,0.002330739749595523
928,-0.00010219597606919706,0.9517958164215088,1857,0.0023236433044075966
929,0.00020835406030528247,0.9518691301345825,1859,0.0023165808524936438
930,2.281116394442506e-05,0.951941967010498,1861,0.0023095745127648115
931,5.0694714445853606e-05,0.9520148038864136,1863,0.002302579116076231
932,0.0001587340811965987,0.9520871043205261,1865,0.0022956456523388624
933,-3.0425226213992573e-05,0.9521594047546387,1867,0.0022887226659804583
934,0.00017228205979336053,0.9522314667701721,1869,0.0022818329744040966
935,1.1252586773480289e-05,0.9523030519485474,1871,0.0022749989293515682
936,9.657149348640814e-05,0.9523747563362122,1873,0.0022681637201458216
937,9.277680510422215e-05,0.952445924282074,1875,0.002261390211060643
938,2.84294001176022e-05,0.952517032623291,1877,0.0022546323016285896
939,0.0001323683391092345,0.952587902545929,1879,0.0022479069884866476
940,1.8974240447278135e-05,0.9526584148406982,1881,0.002241225680336356
941,0.00011479536624392495,0.9527286887168884,1883,0.0022345769684761763
942,5.233220144873485e-05,0.9527988433837891,1885,0.002227949211373925
943,7.358726725215092e-05,0.9528688192367554,1887,0.0022213482297956944
944,9.029900684254244e-05,0.952938437461853,1889,0.002214790554717183
945,4.420409823069349e-05,0.9530078768730164,1891,0.002208259655162692
946,0.00010480226046638563,0.9530770778656006,1893,0.0022017606534063816
947,4.299579813960008e-05,0.9531459808349609,1895,0.002195299370214343
948,9.440359281143174e-05,0.9532147645950317,1897,0.0021888583432883024
949,5.892387707717717e-05,0.9532833099365234,1899,0.0021824492141604424
950,7.490326242987067e-05,0.9533516764640808,1901,0.0021760661620646715
951,7.602082041557878e-05,0.9534197449684143,1903,0.0021697201300412416
952,6.063262844691053e-05,0.9534876346588135,1905,0.002163400175049901
953,8.497564704157412e-05,0.9535554051399231,1907,0.0021571004763245583
954,5.561653961194679e-05,0.9536227583885193,1909,0.002150848740711808
955,8.387947309529409e-05,0.9536901116371155,1911,0.002144605852663517
956,6.070704330340959e-05,0.9537569880485535,1913,0.002138416050001979
957,7.484394154744223e-05,0.9538239240646362,1915,0.002132230205461383
958,6.902807217556983e-05,0.9538904428482056,1917,0.002126091392710805
959,6.723427941324189e-05,0.9539568424224854,1919,0.0021199723705649376
960,7.391068356810138e-05,0.9540229439735413,1921,0.002113889902830124
961,6.316918006632477e-05,0.9540889263153076,1923,0.0021078267600387335
962,7.55649889470078e-05,0.9541547894477844,1925,0.0021017834078520536
963,6.175034650368616e-05,0.9542202949523926,1927,0.002095781499519944
964,7.5366253440734e-05,0.9542856216430664,1929,0.0020898045040667057
965,6.176102033350617e-05,0.9543508291244507,1931,0.002083847066387534
966,7.453175203409046e-05,0.9544157981872559,1933,0.002077919663861394
967,5.970564961899072e-05,0.9544805288314819,1935,0.002072022296488285
968,7.751123484922573e-05,0.9545451402664185,1937,0.002066144486889243
969,5.66958224226255e-05,0.9546095132827759,1939,0.002060296479612589
970,7.826627552276477e-05,0.9546735882759094,1941,0.0020544836297631264
971,5.580460128840059e-05,0.954737663269043,1943,0.002048679394647479
972,7.790860399836674e-05,0.9548014402389526,1945,0.002042909851297736
973,5.4648011428071186e-05,0.9548649191856384,1947,0.0020371756982058287
974,8.014791092136875e-05,0.9549282193183899,1949,0.002031465293839574
975,4.925011671730317e-05,0.9549915194511414,1951,0.0020257632713764906
976,8.646978676551953e-05,0.9550544619560242,1953,0.0020201015286147594
977,4.109319343115203e-05,0.9551172256469727,1955,0.002014463534578681
978,9.464932372793555e-05,0.9551799297332764,1957,0.002008838811889291
979,3.107728480244987e-05,0.9552423357963562,1959,0.002003248780965805
980,0.00010553574247751385,0.9553045034408569,1961,0.0019976873882114887
981,1.6284067896776833e-05,0.9553665518760681,1963,0.0019921446219086647
982,0.00012432753283064812,0.955428421497345,1965,0.001986625837162137
983,-9.337295523437206e-06,0.9554901123046875,1967,0.001981130102649331
984,0.00015680880460422486,0.9555516242980957,1969,0.001975658116862178
985,-5.3833537094760686e-05,0.9556128978729248,1971,0.001970214769244194
986,0.0002169332728954032,0.9556739926338196,1973,0.001964795170351863
987,-0.0001378956949338317,0.9557350873947144,1975,0.0019593825563788414
988,0.00033191178226843476,0.9557955861091614,1977,0.0019540302455425262
989,-0.0002969627967104316,0.955856442451477,1979,0.001948653720319271
990,0.000551994948182255,0.9559165239334106,1981,0.0019433528650552034
991,-0.0006081665633246303,0.955977201461792,1983,0.0019380067242309451
992,0.000992481829598546,0.9560365676879883,1985,0.001932783517986536
993,-0.001239158445969224,0.9560973048210144,1987,0.0019274466903880239
994,0.0018988660303875804,0.9561557769775391,1989,0.0019223160343244672
995,-0.0025582127273082733,0.9562170505523682,1991,0.0019169467268511653
996,0.0038217809051275253,0.9562736749649048,1993,0.0019119916250929236
997,-0.005404437892138958,0.9563365578651428,1995,0.0019064962398260832
998,0.008019561879336834,0.956389844417572,1997,0.0019018456805497408
999,-0.011721773073077202,0.9564566612243652,1999,0.0018960223533213139
